Study Time (hours),Playtime (hours),Attendance (%),Sleep (hours),Previous Marks,Screentime (hours),Final Score
3.745401188473625,3.490808570098726,59.25664644193098,7.114490710817308,48.31939786151342,6.792632454744122,60.658291439753604
9.50714306409916,2.680481831720602,77.0950473689179,6.875091265778385,47.28851593503999,6.351694562583024,100.0
7.319939418114051,1.5476380814316388,93.64729179382041,4.153852394838614,93.43782063647257,5.014702660189013,100.0
5.986584841970366,4.068975098534743,86.61124432047805,6.047486965756939,47.46823398946543,7.692330005283532,77.6756394854799
1.5601864044243652,3.4236558627693965,90.32805739307248,6.281173712715143,49.03648082900417,2.4033216086988194,69.95057233494728
1.5599452033620265,0.8130846967244565,82.93916833553587,6.392936685381403,83.15787836925746,1.76484947216735,96.63604083559248
0.5808361216819946,4.554635922469212,84.61382822589263,7.4810342153639935,61.481788971537796,6.977733768687955,61.11277899556883
8.661761457749352,4.112686214615845,92.45978257826596,7.2016152803612705,84.36973898686269,4.074048716436238,100.0
6.011150117432088,4.74899956645962,62.483400442959294,7.647430556760668,34.575631029506965,6.928781979449424,66.83899081995942
7.080725777960454,3.6285975419418,74.47124818215703,8.58929956925277,64.12998355713691,7.251631436367904,83.54107144710682
0.20584494295802447,3.0670759796789495,61.06047209098011,8.87791443229656,32.35295201282978,1.4372031553335,50.122975241336924
9.699098521619943,2.0912151814530944,99.38340039983234,8.308738457358967,34.38572424187482,7.1842533409024245,100.0
8.324426408004218,4.663642416770067,97.20296698433066,9.733142175729608,93.45062173410876,4.138233387585956,100.0
2.1233911067827616,4.330319447502042,51.9713405684253,4.10939549605817,39.74717597823166,4.573027423029625,36.30071075425304
1.8182496720710062,0.22609335053094703,85.27875862578442,5.174667914101277,67.2694477592652,5.386147577652472,74.82028073754786
1.8340450985343382,0.13183487248626002,96.26241587078329,4.045377249868853,58.77669218204946,7.484678247110607,60.95163235735281
3.0424224295953772,1.8823168343902479,59.02876725636668,7.884848284927618,54.31403283811899,1.1338126610083483,82.28066382903376
5.247564316322379,4.052766653909164,78.39726152763147,9.388183293699921,92.98833419810907,4.33790427822472,100.0
4.319450186421157,4.936380646574722,95.77441487940209,5.460893779457796,31.527637774284266,5.814054297013925,54.96421333835345
2.9122914019804194,0.7520844555176409,51.69729892928994,9.56220726877784,76.46527803229124,6.058948703887599,81.50390336428387
6.118528947223795,2.9706535767606757,84.871013362342,4.361604341737365,97.43761039494854,5.847727020759756,100.0
1.3949386065204183,1.9044542831551077,64.86745036862754,9.606616160833086,69.21177284232894,1.941045905856853,77.15902183750865
2.9214464853521815,4.8495719890730165,96.21980976882652,6.1097361234378065,95.57757234231643,3.0957691186017686,100.0
3.663618432936917,4.210594615678543,98.55291225826838,4.608524970695299,33.65805155002166,3.511008677919094,65.14385909519015
4.56069984217036,4.1916435235556895,97.2133244556717,6.915230555117954,59.31553233519129,6.631060453756535,72.59300082767571
7.851759613930136,2.3434657989748513,73.71071083287319,5.540659406323048,48.21104536734358,2.951319106901871,95.71921553464894
1.9967378215835974,2.074097511688326,93.10213254946567,5.709237411771537,81.15746754865108,2.474934747070422,98.53446093645462
5.142344384136116,1.3670353596535312,92.22746992675351,5.84373978955772,98.69079633480726,7.702136133266674,100.0
5.924145688620425,0.2818774832546356,65.95502366216279,8.818155386995981,47.957104371097344,1.0620429957942823,100.0
0.46450412719997725,4.323611881275266,91.44577370753387,7.234967660051527,75.79222210318521,7.984745989773847,61.77556195878981
6.075448519014383,4.064505045650388,51.85038173577463,5.867846194936022,43.86683429318181,5.737749092001769,59.499538756741764
1.7052412368729153,4.998588366430653,79.81349392410266,7.662002699865511,69.5731178200127,6.799285096143819,60.23905456136876
0.6505159298527952,4.983184185369527,61.50044186438515,8.296904045339161,62.47527406818353,3.062335774423352,62.20013772289817
9.488855372533333,2.7771585280131372,56.02834428886394,5.635744004401203,98.0403730742076,1.10020694366942,100.0
9.656320330745594,3.8449370759025525,53.84766008146046,6.481294609152109,72.59690908875265,6.165086629930711,98.1099512599353
8.08397348116461,4.72382864941214,84.81443879390699,4.7313165600216855,54.46544604607732,6.8390121790047305,84.68666088111108
3.0461376917337066,4.248236953387058,66.9937481884033,5.086896097208082,37.986704942155335,6.183332923674634,45.8353759653495
0.9767211400638387,1.2367405087159882,86.23833857643808,8.086707123789896,40.58727801144542,1.9999520111058702,77.95675329235488
6.842330265121569,2.2527206765504677,53.26781703994712,5.088630086173762,45.772185096586455,6.273995455798784,63.447084340528164
4.4015249373960135,0.6457970757574749,65.76451689153052,7.1509803020023615,47.567666293820864,6.382459474753487,70.73579744373993
1.2203823484477883,4.770255136293612,76.97456461876686,8.254277570334596,89.54312404887965,5.609783609690385,66.60966964188833
4.951769101112702,3.0308731722544002,89.53615824194819,4.641261538568463,69.28559517977675,6.362811529569104,93.71374854545955
0.34388521115218396,1.1432140275173137,65.9376251466035,7.403873317773421,66.63736379620565,6.921450077744125,45.78008166548645
9.093204020787821,3.3585034220292838,81.29456882185045,5.539376702208182,38.033821030845225,5.295228799662209,92.64204237749269
2.587799816000169,3.090641202289479,94.29888741180935,9.777561251425478,90.20977853446044,1.6202329977877534,100.0
6.62522284353982,1.7908135901642024,80.79315940911523,6.901273880319549,80.59700122459387,4.413394667670476,100.0
3.1171107608941098,0.5677879609981451,61.64797373768169,8.835955298650948,34.736785333000114,1.5435453427012353,71.09051811201793
5.200680211778108,3.357865977963998,51.220039077826904,7.301359252937571,79.5484568060838,3.852801217227016,84.72539156216179
5.4671027934327965,2.6015385045189667,93.50494369504649,4.260475197128915,68.04767521398523,3.8497454238793933,93.94931653024715
1.8485445552552704,3.8615919586781966,51.063470542519354,7.798908253564134,35.72077420227448,1.4620689089816912,48.150993775676184
9.695846277645586,2.600817505559967,93.73508363420997,9.708420053239943,62.08104490700595,3.4417437377863553,100.0
7.7513282336111455,4.2609075015927,76.4468567013606,7.609670920877987,63.92874009910329,1.7769866915392039,100.0
9.394989415641891,2.759534193872428,96.95338492564481,8.915133156560742,41.6042178114293,6.657646470064555,100.0
8.948273504276488,2.8046898576769315,89.93916178868326,9.305238780090447,96.19887029001976,7.633816181751295,100.0
5.978999788110851,4.383268013291725,99.89670552666686,5.368478631693595,89.49827600364634,1.5062153268055702,100.0
9.218742350231167,2.0174143310619854,67.53559077258551,5.27226903944936,76.83156361303759,7.68580645104191,100.0
0.884925020519195,0.6700761422532037,88.35941444655634,7.66588593310595,62.360689270042506,4.658036195357216,73.9239155435803
1.959828624191452,0.14391338156669486,70.0965456804621,6.4661708188402285,58.82358791091559,3.0969597456771174,64.10260895160638
0.45227288910538066,3.775686278368095,73.99378101519544,9.039167817200322,75.5681427005668,1.5380345269331446,67.51975286494023
3.2533033076326436,3.1015477567673235,81.37527316091851,9.400138740388067,68.18023085848338,4.504369876492925,94.27258129407899
3.8867728968948203,3.5203988404961177,93.68385570931693,6.120528275816309,34.359117411731994,6.56160881143524,59.43498661344303
2.713490317738959,1.0648208075445535,99.20417345996475,5.421223353846893,65.87518541392322,5.949605340866887,71.60553278903478
8.287375091519294,0.6818573779338488,88.41367069322591,8.683153091463172,86.44825320629877,1.3515820802478165,100.0
3.567533266935893,0.07272332833940964,70.8883391083667,5.648836213288817,62.146791431787065,1.5103128475753245,89.92819375383374
2.8093450968738076,1.7529377940329849,71.06785011385351,8.935685911082071,33.63696042879879,3.82011297842846,67.9769445423702
5.426960831582485,2.9495884342731653,86.87911507944457,6.542429521892577,85.03947395688232,3.0670334583356027,100.0
1.4092422497476265,1.9612202254986615,61.938857288415115,8.005299395748823,44.09546474951821,2.626690261392335,49.789030029223724
8.021969807540398,2.1873746101186455,55.52370565656973,4.573211883008009,48.10345844216272,2.967031492360995,99.56391778673682
0.7455064367977082,4.520793472468742,67.73110788203883,7.743155948059438,41.529444740260715,6.624379203078193,33.919652399501
9.868869366005173,1.7412773351165018,64.36194958270409,6.710606072423374,53.115054541004824,7.504596375422977,100.0
7.722447692966574,2.569947445799054,64.81540602279951,7.519650779052845,82.97260539820445,3.835718861692965,100.0
1.987156815341724,3.9182650637057153,61.680387552495496,5.0080852464691805,66.35701016527561,7.34277701492748,52.12505865802055
0.05522117123602399,1.9827139116063508,52.104659481818096,8.421242469665092,44.34168919054988,3.2504699087351736,42.727830689603245
8.154614284548341,3.1104335011393673,50.89369673667069,9.176782465259372,91.44810547064286,4.335058904406541,100.0
7.068573438476172,4.311818543733726,99.38611948680158,5.300438800544654,91.57072984660704,2.582202984711998,100.0
7.2900716804098735,4.747603118288211,71.38865668679311,4.574287333120971,90.94048975322048,5.483332295230908,100.0
7.712703466859457,0.7353674046451897,69.21633235798409,4.141831516278018,46.71573479670775,7.852867806223662,89.50962052576685
0.7404465173409036,4.632938125807472,83.9823641346535,7.851829002659596,61.58675409266917,5.22445167230365,51.71154462910986
3.5846572854427263,2.460581465397691,60.912694393253204,7.642564216532684,98.94927592986126,3.504698588794842,88.29410142272813
1.1586905952512971,1.2912219414947916,97.49805919751127,7.28018447628442,84.04087334169932,5.534722121933699,92.2402878008017
8.631034258755935,2.2956787811913064,89.3172507207776,5.391682576695852,31.901719485789187,1.860444749257713,100.0
6.232981268275579,4.900162876427386,54.47055011561297,6.345435975433088,34.56432138823445,7.220613561857791,65.35685035904937
3.308980248526492,2.463090469964348,70.87903878924642,7.566858011117038,62.475196376863295,4.5215876554588545,70.13851999392485
0.6355835028602363,1.643758051437541,93.95591537810824,6.980601153155016,93.64541441030921,4.145448194277495,88.20763341634984
3.109823217156622,3.167004271583629,97.2366011145705,9.926713121289325,67.70912585669,5.101053519174634,93.64719170734989
3.2518332202674705,1.2007280938909655,73.37007556249348,4.818638515340399,64.84687556240031,5.373487039525817,76.00006476106324
7.29606178338064,0.3793166405433196,80.67056946053539,8.170867324285563,37.38315899696414,1.5024306435855912,100.0
6.3755747135521315,0.6443986095532461,58.35169730460376,6.425912608625753,75.9746073307006,5.7783205485638165,84.11739505478431
8.872127425763265,0.6402291947888622,99.55843130684883,6.569197689553689,87.54722124201578,2.6935217622087073,100.0
4.722149251619493,0.7595134675614718,61.58358506917217,8.305586593949057,56.62940052552936,5.997668427546128,73.44220155387949
1.195942459383017,0.6941358632470507,97.13658870675629,8.154616907946217,84.29282956477292,6.757743560689377,81.8295213515751
7.13244787222995,3.2043737240160732,82.48233244961843,9.94753596221313,97.51336577305682,6.627709552867642,100.0
7.607850486168974,0.9094004219957241,80.38683974394296,4.770365736724751,44.26365213893824,4.867506771855224,91.03378155080124
5.612771975694963,1.728336416619316,75.63442555082543,4.624657896304998,66.63307418363189,4.641189246175259,95.91204652045002
7.70967179954561,4.483942049530059,61.53349058588793,8.346032902772446,50.09965706592028,2.000131729375882,91.41585419793115
4.937955963643907,2.3698082013143615,58.82640160027542,7.470321502038455,85.49980933236876,6.427423052821949,90.27616849164092
5.227328293819941,3.3377886926051357,61.02431045350877,5.644963999358835,70.43153561168103,2.8998656631270006,96.44435446306893
4.275410183585496,0.8615993560081492,59.32191310721272,4.47651621393392,74.42076922852127,4.476867959725626,72.4287028127921
0.2541912674409519,0.9614450940433539,88.97922367833766,4.513949497578583,85.85399117311258,2.989918650492617,68.34548436267349
1.0789142699330445,0.20434308133239432,67.5062629583365,9.36514524798471,57.71793308637184,1.9367985409978519,73.51782190908216
0.3142918568673425,0.8446753153608227,52.89213382816982,5.151203948312458,94.05630478849302,5.406903878242156,54.315612358922635
6.364104112637804,1.3929516951597931,98.45513150704056,5.940229372693125,67.3120207072298,1.380324243760327,100.0
3.143559810763267,0.8850524213837341,94.18929424817128,5.359938413361928,41.05683759847436,6.2405166388834,75.58469070736265
5.085706911647028,0.44351266878527806,96.38761415976064,6.129977834991624,78.71293827181617,3.2231075668278164,100.0
9.07566473926093,0.603179355503004,99.74539113232177,4.41654305647656,85.52829453067781,1.0009428510313971,100.0
2.4929222914887497,2.303893840163629,58.69476246097437,7.114358745449622,52.173317394726865,4.577903974660609,59.097381697408025
4.103829230356297,1.0316685920289625,69.81210094513294,4.405675381553289,90.0025479899127,1.3279633596932219,100.0
7.555511385430487,1.8213493052403773,87.91192378520456,8.802139046934169,93.43002783360365,2.933186904746296,100.0
2.2879816549162246,2.5170863542742845,84.8010309026896,5.402272491462599,49.38331411644663,5.9488354121900135,62.05290517629703
0.7697990982879299,3.4519741431468267,57.69479531699275,7.2400714876270635,98.84650309006554,1.4388273513530612,82.64551059420631
2.8975145291376805,0.19656069920549468,90.79165624953089,9.28047452536875,39.84980696341309,6.875369446492016,73.92213740711415
1.6122128725400442,3.997051994545213,61.22202859183304,7.905264214283165,44.141096788174295,1.0267394586100818,55.80928472932383
9.29697652342573,3.139501947454539,61.19088074113115,7.197746719308012,42.89573874666183,2.7277670844133155,100.0
8.08120379564417,0.40879515974435954,76.84872114467068,5.946002518692254,92.57927970055093,6.1863283930645,100.0
6.334037565104235,4.3678931205338865,79.64699674208515,5.998011478349188,75.80047866274734,3.2138910481051477,95.3672337194843
8.714605901877178,4.604362002659066,79.00431039189056,8.016921731189141,40.6472998255591,1.7132467164620948,100.0
8.036720768991145,0.30538979927431875,54.574341869887746,9.964836167327006,60.82263928578443,3.5216374316029952,100.0
1.8657005888603584,1.3843882407360186,93.87304313151901,7.971035139096272,73.07086175488614,2.892753004691679,80.04879752608521
8.925589984899778,4.031006398965307,63.2800021294353,7.346700504220149,35.84248594925683,6.898983315123885,77.68874720833523
5.393422419156507,3.7412984519182917,56.47574606414021,8.383903061435475,91.76914578851371,3.193435423096002,94.82843844446164
8.074401551640625,0.9226050967818866,94.43740399344887,6.791233673702309,86.25224748090747,6.52252730243205,100.0
8.960912999234932,1.0467466166835515,97.78257491148767,4.360854055604712,65.36447415036469,7.243105013675143,100.0
3.1800347497186388,1.85236051395691,93.10638086327253,7.373780895267458,97.69886306814193,4.036721937035707,95.3553932440627
1.1005192452767676,2.4226149259551066,90.4758037362439,9.74575170703228,59.24326854925698,7.369602006980744,64.13134911393517
2.279351625419417,3.0912738576514798,82.7620990319511,5.051817654145958,98.88772233255484,3.64122637774235,93.87688848705956
4.271077886262563,1.844568197848862,77.54286853045696,8.140029344923995,76.7543999162539,7.748548915430757,86.50072473009183
8.18014765922493,2.3126735806657397,54.34933799557051,5.205602131954339,74.4269891277759,1.6250266716790105,100.0
8.607305832563434,3.7373546906687825,70.42266065353493,7.214966106838488,41.61684267070495,5.809134865522699,81.77212239864316
0.06952130531190703,0.1834160144529895,68.6344258506157,4.580058697880318,91.73494308132507,4.4566982831985005,78.19137443357516
5.107473025775658,1.2621847217201037,62.98768918801631,6.702225617549111,59.92427815444306,3.7135416381895294,92.31134646103192
4.17411003148779,3.566747929422762,86.17100568442925,8.536979973371476,41.35633840477355,5.428983151240207,79.94655266917528
2.2210781047073027,4.476034188435997,74.79378675393855,6.085429145433892,30.88252639830313,5.926999641440318,50.582713619480984
1.198653673336828,2.5583872105783305,54.0523107953824,7.989470346923309,69.18289785468679,1.0305428875521636,79.82904305820603
3.3761517140362796,2.6605674263265784,61.009160097490565,8.772699764738375,66.91797354858734,2.168671621230391,84.72289023291395
9.429097039125192,0.5358600566988803,84.16293818297979,9.563066916876716,80.3547535658411,5.991322354440231,100.0
3.2320293202075523,2.237061834117273,53.80654297451501,5.407852491132721,92.31806371124614,5.664697895047445,78.75698475261379
5.187906217433661,2.6630863322751157,92.56034570243844,6.395895494855849,35.558460925012064,7.7623325359007405,74.96705663890141
7.030189588951778,1.2123525181736483,74.75732635069872,4.914496079982505,81.20475432382537,6.327264531755481,100.0
3.63629602379294,1.3462161547469047,74.0293288663324,9.954901012950252,43.118836086830754,7.655408954119366,67.66904907009217
9.717820827209607,1.8864208155231132,79.62038923297588,9.562005807545772,90.07239372100148,5.917783510743648,100.0
9.624472949421111,0.10035598888863184,91.23404829625746,7.239742781683358,87.33444597031593,3.086365460476102,100.0
2.5178229582536416,1.6103958279158914,67.39046039510966,9.052199766258529,67.85556284898811,1.7375544557559954,94.0771800107442
4.972485058923855,1.0572400349827231,83.90080762795318,7.125747863632253,79.71699590363181,6.4727670434145494,97.66142407874425
3.0087830981676964,1.6374867608895731,78.28659819978955,7.741514128016558,52.00450792286239,5.509044550331412,71.8171517787272
2.848404943774676,0.5988106590962561,63.35141350847107,4.5347465926960995,62.98175292529702,1.3373020867530736,73.15890742326934
0.36886947354532795,4.452636403699475,93.9314993177579,8.531622522980847,87.51458283973301,3.5203532613068482,78.50899884121542
6.095643339798968,2.9679622677702433,89.8713010803464,4.766280901811409,62.148563802124976,7.697598708390003,92.00742529797057
5.026790232288615,3.395511595722448,82.92259173292128,8.95640578151517,55.04587857278092,4.5028080199714084,91.7953426354986
0.5147875124998935,3.9458561930366916,92.52908645471209,8.692168526022314,64.59487130752099,4.029103952137932,75.55084865524879
2.7864646423661146,2.492210994645286,93.36471004799012,8.252468186457858,87.97744767060529,4.203897236115058,96.04912684532844
9.082658859666537,0.43460144043711846,85.41814883575174,4.216962283148573,53.46456331596109,2.462179068036146,100.0
2.395618906669724,2.685532709092739,91.85066641818361,5.818770135671972,42.16331151950207,3.5809501960535663,62.68693220690473
1.448948720912231,2.9342055901043955,84.87357308346418,5.578675419465057,79.84098142315466,3.5886927919102365,81.19569015909671
4.89452760277563,3.72719737092165,84.00703858801502,6.160818444829115,87.81847488956572,1.3664851413123067,100.0
9.856504541106007,2.158297731148397,80.93056891075922,4.525856480583031,37.04462349664733,6.372973399625428,94.5006741555513
2.4205527151150044,0.6379015139778188,87.63583197788206,9.621746938186376,46.79118789291613,3.9155310233271527,82.18078729827421
6.721355474058786,1.4188795289936222,57.93025526465368,7.322813444274257,39.938039283269575,6.755259207714963,83.7369572286439
7.616196153287175,1.8154114819931755,94.04353795994642,5.8331458639481415,54.35589881075167,6.9524360078392675,88.950829181642
2.3763754399239967,3.229586206658006,93.5921763872616,6.381889102445701,61.52456852337889,2.4839583828906067,87.80500284598179
7.282163486118596,2.8538915233445596,51.462364151727954,6.683215243029014,82.41784358743146,5.6014743751909,92.18873489315857
3.677831327192532,1.7804836294892312,91.29083752823814,7.6035660001637035,75.5803309417172,4.3059726291408715,93.98012438936293
6.3230583059357945,4.932576243964898,56.44349337367226,7.094076566178987,73.46499972349018,7.161097165450395,70.52622277040594
6.335297107608947,3.0288740967844356,66.7559427129571,9.516351839286504,54.66624626267581,2.510184754235179,93.5126056411593
5.357746840747585,1.1861339586799724,87.1754128145804,6.981780897434982,88.9013287159332,5.744692402170309,100.0
0.902897700544083,0.5089123631020187,58.03799480241541,9.952948088939877,62.99010171787152,5.254264855769058,54.37643341448374
8.35302495589238,0.7642956959216601,90.8983512059531,9.108549746470574,98.53734566106081,3.0671103430028293,100.0
3.2078006497173583,1.2297886419225406,91.6067088978871,5.251063086144015,74.38994968070158,1.9562063255582083,100.0
1.8651851039985423,0.8034068662977784,75.37338668804182,9.583571287863498,38.83853190951519,5.5614783233409355,53.74348948923031
0.40775141554763916,0.9328351202565288,50.31929358584168,4.698198387312857,77.33242934528039,6.170182206926315,55.5494350751065
5.908929431882418,1.4254758434692354,64.35190665874563,8.904698250947149,52.75728108021893,3.20939140634345,91.09667145834756
6.775643618422825,0.8668679764737741,80.84634591878711,6.283739760859481,78.04290376802682,5.513828228156196,100.0
0.16587828927856152,4.483827123132126,99.05930890137117,9.267845922670418,34.874880371368405,3.765916353280523,51.53145398084365
5.12093058299281,0.40116872830821104,81.59067635083342,9.208340140644701,42.24170060231716,5.992448182978324,77.30954786601399
2.2649577519793795,2.6225569478512734,62.99017905320799,8.835552400705726,89.90160812340504,2.394506924258372,82.18834461322032
6.451727904094499,2.0519841349483077,81.70028515498056,8.740182617842368,45.90256899164604,7.231505018453221,77.43348680567361
1.7436642900499144,4.911893084543032,76.99926898579278,5.828074834588245,88.5928787670058,3.011867175259058,72.06782879045761
6.90937738102466,0.5601945108402617,88.99226975755718,4.485515698307513,49.54932619180873,3.5745019142930703,100.0
3.867353463005374,1.9892779952287083,55.34903194134792,6.417881072590969,75.00173370410954,1.4066436645624485,95.11568780453352
9.367299887367345,4.847352166376845,88.05139512510141,5.041147089919052,78.59054014568818,1.7805854862489348,100.0
1.3752094414599325,4.327535629469901,77.06332893380551,8.16970653341477,65.8858327201537,4.611033318986297,69.57343263077918
3.410663510502585,4.0853603547464,98.14960019294973,6.076598359226713,51.37174736877119,2.8731487370958004,72.98136189047628
1.1347352124058907,1.289514135224699,67.0936083019343,9.85366120515949,44.88510634597673,6.848361580195361,48.455366093399924
9.246936182785628,0.8544379369503291,81.6310946566974,7.845832464071992,32.323254819369836,1.102853720584677,100.0
8.77339353380981,3.343216099622155,96.60140527550087,8.934883381806166,51.27624808685067,3.6536583407035534,100.0
2.579416277151556,4.646879945637929,55.12548639953396,4.79514803645109,75.72139533718982,3.3614188273836487,65.89978278498768
6.59984046034179,2.783814465069649,96.86142436182256,9.172086893635736,95.68133729139379,1.1352934164232074,100.0
8.172222002012159,2.8580634473494992,84.39428611504067,9.536543143080365,90.98431375841363,1.8705787930035715,100.0
5.5520081159946235,1.3998954683014209,53.39185295525859,6.922371512913616,83.62453435747119,3.895498724430447,92.91529614746852
5.296505783560065,3.8474646659596843,65.04817834734081,7.637517626505865,85.19131402773091,4.450052091132126,100.0
2.418522909004517,0.9352187427876169,85.40860443226407,8.588858805417972,76.54894324331967,3.830028230784084,96.55210324789472
0.9310276780589921,1.6183961820212183,53.36753007343859,5.049031763562475,48.220080029620206,4.716563748884656,39.910714662582954
8.972157579533267,2.127182193082084,79.10852300881366,7.015396458780654,93.50365214940808,5.16592172433977,100.0
9.004180571633304,2.538051893422275,67.29415284764784,6.391978166633878,76.95126183340838,1.0694667478948494,100.0
6.33101457273268,1.2120486620754012,81.04577588837385,4.878243952973495,69.2308441686308,4.248666116174527,96.14106294993444
3.390297910487007,0.5741841236960177,52.28710169062564,6.205206533749188,37.769262844943675,7.744494686213118,45.25831929897222
3.492095746126609,3.0531002122081627,93.57684030761882,4.409033856312961,61.29388806644978,4.633225960906842,77.95512710696033
7.259556788702394,1.4431527662012789,98.67444845886985,4.154871441696922,62.22507898413484,5.742795872212672,100.0
8.971102599525771,2.9061911071130613,98.44389276428458,4.810997734928937,90.5194526665869,3.1830470054181825,100.0
8.870864242651173,0.7718135763710116,87.48259158714623,9.778690669535044,68.2653754131452,6.417939647069337,100.0
7.798755458576238,2.4057005092740873,56.5043120065316,7.297177215370102,56.62803842792867,6.4104503731328055,86.11449392625633
6.420316461542877,2.6629471627579293,87.91315979645113,9.794932966919319,98.37602299574615,4.649072333578973,100.0
0.8413996499504883,0.25911768411213454,51.229345822940076,6.594987269980792,37.750441532842096,7.832096762954495,33.65345532920464
1.6162871409461377,1.683021390969603,51.106177576449866,5.870896798511557,59.578389981836125,1.8788515033385735,56.54584653098088
8.985541885270793,0.6720733846948712,66.18051095747705,7.036851177041465,32.94172726199837,1.118633654227067,100.0
6.0642905965958995,0.3168748523638387,74.43215952023328,6.6370701317974605,81.79328845368512,6.391107482299672,100.0
0.09197051616629648,4.949801161949726,88.52037089038966,4.633988105570463,94.26535865394054,6.650088761554178,69.26892587973892
1.014715428660321,1.6117692248736148,84.16476883032526,7.844957888141238,49.60261306853426,1.8414506038440337,78.67281774035175
6.635017691080558,4.049372229273175,72.29513531883742,5.296229095057598,90.08391737593846,2.8590798307102423,100.0
0.05061583846218687,1.2732032738188193,63.68133331408329,7.717527729386978,50.45527613233284,1.1228665435664023,59.30812772800431
1.6080805141749865,3.4075136111196462,99.85622500788556,7.901206554388921,93.75391131507406,3.053160275463953,98.50676890619636
5.487337893665861,3.8011392994484328,71.30906511179865,4.912149118771889,82.77733325177488,6.4119931174307006,79.02966844135175
6.918951976926932,2.9781937030392216,72.56935121648377,4.368097762664009,86.34347437890071,4.625723693988053,100.0
6.519612595026006,2.357880942750792,58.181191059583455,8.684569516410638,31.260458892031814,3.4366691521780166,73.9488162455766
2.242693094605598,2.059204570736343,89.74047743749647,6.758802542615921,97.39672499518181,3.602175064344312,100.0
7.121792213475358,1.7443413327149764,84.68411128907442,4.348982773032855,80.86696944492263,1.009475380008277,100.0
2.3724908749680007,4.64764572123913,61.03848063943802,9.969197903018603,51.33257667702934,3.0986036929566514,58.01494513179126
3.2539969815926773,4.153097038938646,54.11905228079213,4.346683365978199,88.05762654011929,5.525211191465513,62.31764495447426
7.464914051180242,4.825134553332563,84.02496510373565,8.170211373151318,49.706483889045096,7.8193611067145,76.52462531697367
6.496328990472147,0.6214861174277236,82.72556071405677,9.902073551580482,91.09276876962895,6.929425788887297,100.0
8.49223410494178,3.6543373760182214,63.662976349910466,5.435080625295553,37.880627328835594,1.1651647525187039,100.0
6.576128923003433,4.691702284105189,97.54317811252051,4.8534962121231775,79.2580184222557,7.289924232723875,96.85553615028618
5.683086033354716,0.9061653308283008,57.55289458904501,4.728309636534574,67.84889336514372,6.4823888930903815,72.46849867156725
0.9367476782809248,0.3324813368338875,71.6167400521301,5.819650885405573,36.75741291368086,6.462632864996863,35.9034157997446
3.6771580305943354,3.7056032464502953,97.18079600837994,4.60627486606388,46.932567978118726,4.205970313025,63.96756220487526
2.6520236768172545,2.8723655658995595,70.98636584630611,8.152968050164791,30.868282539412036,3.7860370506815197,52.25888702492231
2.4398964337908358,4.20914388379136,81.92629738320429,4.373750788780376,62.81375758251541,3.1204101018323485,77.60187055142836
9.730105547524456,0.6988618831314475,69.87971989813971,7.056532768898738,51.08856825320002,1.4598640126805604,100.0
3.930977246667604,3.976336559299451,63.7107601174335,9.98018112311786,71.88502390084312,2.597647544455894,86.31285251601402
8.920465551771134,1.0081366002387226,99.19888239799141,8.883821617036112,50.80664653960321,2.7262254448461722,100.0
6.311386259972629,0.8182797143285225,70.46670031575215,7.6913166293860655,50.994337805488925,4.388539487971411,86.57984805004536
7.948113035416484,0.8213289896549647,94.70496018395673,5.83752172471967,82.02352391121224,6.232110846176858,100.0
5.026370931051921,4.07287360115691,61.49773029455431,7.74337501774983,33.36999851848474,4.316668798785626,67.98836706211765
5.769038846263591,3.3259861034810005,60.655235201254165,7.162248783469909,93.2026496634391,1.4049111461301242,100.0
4.925176938188639,2.6153271238455966,51.55670414422557,6.556500303342229,89.6584712073827,7.704528606917427,70.92638261325676
1.952429877980445,1.7941524206175123,82.58334126879424,4.784262260441197,76.74632782584845,7.599070233658786,64.12474604954357
7.224521152615053,4.386002704065541,68.42631718618806,9.3196252914428,71.52550990751689,6.496326802038858,91.54274093108863
2.807723624408558,1.962225537113177,93.21791249198185,6.698707892927935,92.46117486977565,7.939295310949544,80.41025142150882
0.2431596643145384,4.082997197357885,73.66049533457786,5.16773507092459,42.97311256701001,4.81137632960184,49.34231521582038
6.454722959071678,2.195674542851092,98.40967139573608,6.206556105263738,35.527841353358,7.739378451772442,82.98576447742593
1.7711067940704894,1.884722147124538,59.27627578515606,6.484778515173562,46.76571189366767,1.5292352843172554,63.4699827719074
9.404585843529143,2.313398928348032,93.43115839778054,8.965227373401245,85.62047950901332,3.559765237829599,100.0
9.539285770025874,1.5068893708207103,88.82984263958708,8.401686283368413,32.42691867085383,2.577668876047361,100.0
9.148643902204485,3.7380469008812556,88.5460922322026,8.61582936184804,70.79647845584427,2.37083158893989,100.0
3.7015870025544437,2.513601950462396,92.23916140584438,4.066187586571884,99.6806261333917,1.9856206422487326,100.0
0.15456616528867428,1.1610634757340865,88.05119954714993,6.496923989078569,89.89872656862775,5.356895490961977,79.74119657234552
9.283185625877254,4.497872866372842,81.31101608157077,6.888064909811941,66.50119823305127,6.469252990231135,100.0
4.281841483173143,1.9194561068660572,56.56224388411938,4.11515366093834,34.454863650064965,5.048088795942524,54.79276203956863
9.666548190436696,2.717764305569943,51.6263089745626,5.558879252470206,88.1961460069997,2.0287389671174676,100.0
9.636199770892528,4.532360554822735,96.04239239078434,8.561738938732809,71.92849557240473,6.677866389534296,100.0
8.530094554673601,3.1211899795699605,80.8325157260369,4.8226582343739945,38.04530979416968,5.4516829501460995,92.21249459907851
2.944488920695857,0.5844902035418204,89.82686454880881,7.2118607887155495,36.570009937634936,3.717159942888969,74.63602698251634
3.8509772860192526,4.699160618067376,74.0761175756275,5.291211232103425,93.67387736056148,5.718912068752441,75.90850729204038
8.511366715168569,3.138540265357089,55.86540944811972,4.072724647863359,76.8440184056655,2.81933485469983,100.0
3.1692200515627764,1.6745280732854306,56.259289610127524,5.447208745597249,88.05007595217289,3.4163454594594738,75.184477209364
1.6949274668609249,0.6963603633169363,84.27826436144858,9.855242529460323,91.52852301975872,7.422400901923932,82.43982519345438
5.568012624583502,3.9701259463514798,71.51529474497313,8.809222671297938,70.02406464338256,3.0335315396999425,90.46066409426128
9.36154774160781,3.1003637796425676,60.02623633501683,9.7574598659262,66.22124462285288,4.289917877105556,100.0
6.96029796674973,2.6673054598816077,74.57972733707184,6.9271242635581745,60.12991872246931,7.230987961772103,82.61035409532164
5.700611700893649,4.4694629152547884,53.21044685375671,4.658417192065021,52.18626114537835,5.9540494518726925,61.93392718131667
0.9717649377076854,3.9429860561226535,79.09857009571994,7.287756933842157,60.42171726010982,1.4354225831529193,77.97764585294482
6.150072266991698,0.7583743986637559,63.449670221754886,6.726264007359765,84.17157590111094,2.0311213099527925,100.0
9.900538501042632,1.5586103389777413,89.87795503185941,9.066142496437696,72.1346401710592,1.0548911354034178,100.0
1.4008401523652403,1.2424456990723287,65.51809794617868,4.588495484705468,92.47663029683923,5.416452531604143,69.67877044085682
5.183296523637368,3.719731462863385,72.76100745409006,6.929446822130669,61.03660100654314,4.133713977872928,75.10325223256218
8.773730719279554,0.1676621736788969,50.58102699540503,4.9002919881639055,72.49627051031278,1.9399239563159287,100.0
7.407686177542044,2.8494484243565825,53.62234438972794,5.94805556134036,74.19152871643921,7.705538847397393,77.45233503743043
6.97015740995268,3.8122934287034527,69.62467782033424,8.424142464326799,71.41880136144279,4.7076180676193395,99.96616055649889
7.024840839871093,4.383828183808747,73.99694173585618,6.856108776212599,79.18436411598614,2.693253058790224,100.0
3.5949115121975517,1.7104087435795372,80.00102740596519,6.255329710874616,46.620342786236435,4.504224998082953,75.02574750132264
2.9359184426449336,4.1062865233600645,64.58312893546517,6.366857671420211,65.86546442820534,5.757342329145755,67.40324233899888
8.093611554785136,0.5531586847760361,84.74909430632712,6.75668061043592,37.295736196584336,1.5336745258149513,100.0
8.101133946791808,4.232261458672591,93.00611985946023,8.710099263022341,56.91579293513688,2.922926705335244,100.0
8.670723185801037,0.6374433116599121,88.99254944466749,9.352508133641408,64.13669480348851,6.648758436187955,100.0
9.132405525564714,1.9864364528018363,51.980941267417855,9.73200811902357,75.65569816818308,4.217654092818629,100.0
5.113423988609378,3.986476828897768,74.02534736289145,8.72142031753177,96.53717368103425,4.826039994226065,100.0
5.015162946871996,0.7495871367438689,55.246508920908745,5.892441374488076,72.04557465838491,4.029712015466284,92.83670826589139
7.9829517896677515,1.1462569761632073,62.10225079312637,8.128808236519253,82.05157413235918,1.3072995985010358,100.0
6.4996393077776515,3.611262841965331,99.33312966335733,6.6256187443323515,65.43862416466419,2.1602484587410915,100.0
7.019668772577034,3.600182682730372,57.12477714507566,5.528023732276307,74.3872821963432,4.118791471193236,90.33344019391353
7.95792669436101,3.2057381644264864,74.9444076725678,9.045229476555535,34.96525512936414,2.4642982578554946,100.0
8.900053418175663,3.4697422223355003,80.90778671590596,4.23055809377395,47.807410658929285,1.3498532006177513,100.0
3.379951568515358,2.713622216737981,85.12324852720519,9.41057195281254,55.32971652435971,6.9055476483627665,68.3399675392836
3.75582952639944,1.2589952945347638,77.98243417434571,6.768864787748405,63.07453485045595,7.86834770414881,79.77939451857323
0.93981939840869,1.7284799675195972,50.48854237095918,7.823208860849682,33.19541218516686,6.552000117977176,42.61669439959483
5.78280140996174,0.9079885840071283,66.3230654121996,7.956123533234696,39.80168682873224,6.976494451932669,73.61985970447694
0.35942273796742086,4.542252806668142,75.88558216923558,9.370706444239218,49.37700154539141,2.6938399122193175,50.28865215287442
4.655980181324601,2.916958973830602,54.39332495724167,7.8200180930032435,98.00728836307354,7.7243888285923985,83.08632880328774
5.426446347075766,2.0042570838181994,67.53134656045904,7.68360150856037,53.19429049721356,2.378479931173999,96.4623642004594
2.865412521282844,2.3100290182206633,51.66015543956833,4.39991224336414,63.742874067845776,7.660008672532826,58.96319534106034
5.9083326056901075,4.7364166980590765,53.928924857751035,7.110448131671225,43.726839891687504,7.9637350577616575,53.81129806697607
0.3050024993904943,0.766757015580401,69.8461638100798,4.90101400490225,72.75460497530378,5.982059640222341,47.80759030650887
0.37348188749214417,2.931149160083986,56.63578770215302,8.424602612328913,49.6478250861182,7.868006122542753,44.64901654839154
8.226005606596583,2.52944339442233,78.3770424130779,7.073331524876047,44.48948049068987,4.986778456969725,94.86713051973135
3.601906414112629,3.0572711771732393,84.47324845686329,8.08136667525012,66.16008399121853,2.8167924822326325,90.91381269783747
1.2706051265188478,0.09055091910420254,90.02933495545415,4.250037403614305,30.385405941229457,4.0589711996593465,64.33144332296682
5.222432600548044,4.360619544720757,60.007512212240506,4.5087520962748195,30.53648228544577,5.154926547651502,46.76862164934543
7.699935530986108,4.660591412418062,58.37412911295349,8.297940328376093,45.33481663713005,1.511570934189105,97.92301832805373
2.1582102749684315,2.825665917946045,55.228392016720015,4.43250601599204,32.57049537505748,5.3564028523207226,29.95244623465451
6.228904758190002,3.483254119384461,81.82151247718184,4.427540366591551,37.561802789148395,7.8682448573360615,64.67615142632296
0.85347464993768,4.612496905886479,85.32378632434506,4.072650851409325,53.72024545371261,2.3307535484860935,64.11482330567675
0.516817211686077,3.536193171566993,51.5793072412821,9.739008389796881,86.1809975705869,6.548165814018683,58.25370260143916
5.31354631568148,0.7626952145713067,96.81061231218449,8.425050156754041,70.04340503585107,7.355291556457336,100.0
5.406351216101065,2.881441800834066,52.59856418257362,6.1195084510123845,65.88674081694916,7.605911149741546,71.26048892817444
6.374299014982066,3.0335752319142797,77.06481676505352,5.779213487725931,50.54421762456852,7.72094923083813,73.09550148002606
7.260913337226615,2.12065335651193,85.45302597254582,6.098219378475097,95.22276036029714,4.650217471050304,100.0
9.758520794625346,3.6822211781236143,93.54845618730428,8.647921187087091,57.79105288660342,7.841155355940526,100.0
5.163003483011953,4.671835073845074,85.70434660662139,7.968223666422486,36.096493675704004,6.301171449941072,68.44793468909491
3.2295647294124596,4.627842564533882,90.08640415348958,5.111173407204808,73.1946561282461,2.1317000536587334,77.95511318083851
7.9518619476870365,2.2541968570206605,66.97250962714031,5.044656012004506,37.9686875433621,4.33830074527579,83.44201937133519
2.708322512620742,0.5661902292037763,90.7412556873256,4.590373898280384,54.165619996118444,6.028318227604028,68.87743039883955
4.389714207056361,4.924205994811673,54.00574231923376,7.961816318208029,65.51883571024662,2.7313822107335834,83.03582908452304
0.7845638134226596,4.194490432229671,94.74083280302638,8.586235973330416,91.1955767279623,5.484306284842211,83.66666628783469
0.2535074341545751,0.6233134060163342,77.37961880768681,5.590278569950025,64.5482606238083,5.666203353326335,61.857655812377786
9.626484146779251,4.604209413086862,90.86488849812469,4.125669766185477,79.15811362221649,2.1388982066599613,100.0
8.359801205122059,4.349481810310642,72.615914225915,4.493030004858564,99.49717872993493,4.955597187169294,100.0
6.95974206093698,2.5941902856303605,82.17888475982625,9.807160209070183,39.20423839285871,6.401388376850254,92.68758595030775
4.089529444142698,2.9563771787246464,76.32013304680567,5.772668664864522,49.231206786366364,4.492269651751593,71.51639465738155
1.7329432007084578,1.9950135193506513,86.5794760877666,8.615338887028802,57.62032529183524,1.084721817432752,73.93236708169997
1.5643704267108605,0.27380819411015667,54.08149910152948,7.747981413125583,59.527972497718196,1.0632692835550452,78.63123988573821
2.502428981645953,1.6759862082295047,53.01760419952819,6.291637837917375,58.771475268588205,3.499205407790085,69.79723170579334
5.4922666470612045,4.014267242990057,62.355161700507324,5.23412357317333,93.53277017895884,7.483358479022474,85.62007013521995
7.145959227000623,0.023160115023014294,57.97723400565942,4.728318508956439,79.98228511267996,2.6007374572252613,98.995162452324
6.601973767177313,1.667495858455721,93.58917832961009,7.6900778082332,72.55336498634927,5.44054582210181,100.0
2.7993389694594284,1.9908434679547167,60.960699367902215,8.647802683826729,51.65609025039475,2.5545310948532443,74.3329555909264
9.54865280663194,2.6869780146896143,98.79326279095656,7.863425521246784,87.66532689549064,3.2516899276168405,100.0
7.378969166957685,4.599278082063803,66.84478958855534,7.18181279949495,96.85423580394922,6.936294627210388,100.0
5.543540525114007,1.7317299718298063,59.10589578443496,4.251707340589817,87.48387977851586,6.102030095889628,93.43944724272382
6.117207462343522,1.7347660094811386,89.48492535712396,9.810932665566302,30.109557363403102,1.6677949411924744,99.06110341529767
4.196000624277899,3.6875062405487418,82.9353887750438,8.792285149927448,74.54809591283849,4.0009141469050356,86.63751295401676
2.4773098950115746,2.2610897044490357,74.90978582265694,5.756932220205789,33.57947670094705,1.2041883455168514,68.41978151216247
3.559726786512616,1.1230241146999098,77.76817754688156,9.879821976153103,48.03250542336053,4.3662310262210635,83.3062627947912
7.578461104643691,2.262197580663467,85.96008891361319,7.611289537817933,34.16672902434402,5.637038081907477,95.57030011804767
0.14393488629755868,0.7042851018989993,61.422737066564935,7.494535949243479,72.26568170645714,1.8295183651870608,63.055111717782374
1.1607264050691624,0.8819349325311165,99.8166958028371,8.488439076577192,78.06129394448247,3.0221945723641594,85.96761229279652
0.4600264202175275,2.4918388636973985,98.73965810733915,8.870618728540826,38.01413466461336,3.7848563785150984,70.47427003507563
0.40728802318970136,2.0946272475227397,82.51628431734684,7.938871643989016,56.86872181314857,7.436717172592348,58.262496016848154
8.554605840110073,4.5742295053405,59.97712254645725,4.7685744781972,61.93655562688794,7.952785107960748,90.98166626852495
7.036578593800237,1.8119694955831656,84.01141212156458,6.02960503596699,55.83371152326416,1.314379092969311,100.0
4.741738290873252,2.9029417513902174,53.60992044895879,9.568501841956298,38.47175003396352,6.327055464467744,65.42333284933976
0.9783416065100148,3.1613214395976517,51.532625110290304,5.347693671063111,59.326345313123284,3.6020684648164027,52.79546614877704
4.916158751168323,0.06547228294166818,62.884144425560685,6.23300214302508,82.58246334658926,3.74720730360636,100.0
4.734717707805657,3.317686860083553,73.13114783696582,6.592461297665176,34.970536517327886,6.279854813429159,64.43215316539877
1.7320186991001518,0.8901798343487571,93.41362527041903,6.636429938166713,35.61260098573324,7.428985025017861,57.41723441478523
4.33851649237973,4.805351587347276,86.3584534883154,7.677637494967153,54.833990428518895,7.6565001615178385,63.89608121462224
3.9850473439737346,0.7433136387655648,87.13532605999904,9.658455026468246,95.92079981332475,5.039858102268245,100.0
6.158500980522165,2.0731206186351185,71.27466672240377,5.4441562709950295,76.80008527060399,3.4998481151035197,100.0
6.350936508676438,0.4267483403932193,67.29674962734815,4.729008257805509,77.50689696707954,6.512843601011455,88.26261038465519
0.4530400977204452,4.984371259229737,68.55193814923014,5.1848229391596234,55.33439935865054,2.757009682836102,43.98117344718217
3.746126146264712,2.510975051656213,99.3824781868029,9.321549401255616,71.55625538459769,4.9485182018346245,93.06000610279152
6.258599157142363,2.976925086600219,52.005459570624126,7.874864875931236,30.709182881942038,3.5100492306741122,67.80411465857122
5.031362585800877,0.3353823869421374,93.35157480612243,5.715440735434961,74.52672324866796,5.596417515955133,93.06128395143638
8.564898411883222,3.749802351995889,78.93377042861967,8.895681633811703,93.93008633033656,2.6827923902545483,100.0
6.58693631618945,1.0495279654779288,71.93077095947953,9.168219978180616,72.88014278413735,2.3411506201437806,100.0
1.629344270814297,4.490271447203568,86.26288302075682,9.079086032141667,91.15890154264414,7.427673606728059,76.89647088897696
0.7056874740042984,1.0256982024100358,74.33344707123514,9.513559201837326,80.67811388262658,1.7126257806467584,79.90281288705391
6.424192782063156,0.9534386033183329,93.67116190408302,5.51344612104017,38.43908914825832,4.541705354144522,82.26749838876889
0.26511310541621813,0.1827483392404744,95.03509320056293,8.53025157247767,93.17173151000893,2.5459694807410624,99.17080259473664
5.8577558127346325,2.360334725549996,71.08604634367276,6.76323698364484,34.65106910490424,1.2725097432796721,83.55073854140745
9.402302414249576,2.824205666313082,63.841389861752575,9.05199131734037,67.37772307834346,1.2521317280399846,100.0
5.75474177875879,0.32854319714176183,79.61751642966811,8.370944062969679,39.94959866554204,2.2265524047407914,98.94561646743986
3.881699262065219,3.877638083475053,95.61816728083454,8.658684678998348,30.819462751163286,7.067392481542002,71.23193861755473
6.432882184423532,2.266444173740138,60.53310945028333,7.936971026086429,59.54239820893473,2.9773512078391864,90.42965686066587
4.582528904915167,2.6219513466379003,81.14832917817414,5.064572616818241,50.652849535790935,7.65321419402707,71.05370827615677
5.45616789315935,2.2038137346911406,81.57801100462603,7.27016151338163,64.02003456583222,5.071356050924355,87.57809614220491
9.41464808776525,2.00381530437663,86.65565112076405,9.90801843714705,70.40399207141856,4.056299328381362,100.0
3.8610263780077423,2.7982016565410897,56.57838425636299,9.624328398982714,33.061735061626315,5.060621842686182,63.52625308889699
9.611905638239142,0.7762012296535625,85.79124823410443,4.25904241478207,38.610230658662196,4.6168886965838745,100.0
9.053506419560637,0.9096406524763556,95.45162603328205,4.988888894376623,69.10496775152978,6.311433776301276,100.0
1.9579113478929644,4.3089281050675865,58.984155443512094,4.790372640727371,54.021714722086074,2.977472461809966,48.200991013128196
0.6936130087516545,4.7305773106681634,61.87716624619388,8.355879459911772,81.04214412846136,3.4713527412021166,70.16298186797358
1.0077800137742665,1.8665465813987647,98.56975470208198,8.90671197914167,75.66041540143578,7.258660117732755,69.98345236644236
0.18221825651549728,1.353723365717769,59.04884763547449,5.281068197864031,89.19230540929348,7.6251955920528385,56.19416950461331
0.944429607559284,3.2199977161950786,92.71925466847895,7.0351161577109735,78.47449786684578,7.247907592405322,63.17074309049315
6.830067734163569,2.043670855490482,74.61389282240174,9.0442181680672,60.09517541731037,3.936135957701195,100.0
0.7118864846022899,0.1269317783017243,62.36155372015885,8.396809268597504,77.10766356761027,6.462558521048171,71.22064616774024
3.189756302937613,0.7807629868309518,93.53749506362557,7.253423232951089,49.276682197879296,4.334350133107692,86.69465189782584
8.448753109694545,3.579861144236988,72.26526275013327,7.542086142752638,51.44194491447489,4.482778965022716,100.0
0.23271935735825866,3.294619709550757,75.74086769648451,7.05016328149768,85.22896119445554,2.432760763400988,68.27439678750706
8.144684825889358,0.13547996251741745,67.96166846998828,5.785290707912924,61.24936614811075,5.137912122809615,94.33104347943939
2.8185477477339993,1.109860809664747,79.64754257174637,7.390131957154097,85.88662383628468,2.3029512842734357,100.0
1.1816482762165625,1.155373982940357,58.17619362925114,8.133311812300544,87.56956615677949,3.3209528934703565,75.50511144158591
6.967371653641506,3.359463717993642,69.55407683258804,9.239937495164845,90.02936363628987,6.985211411339546,100.0
6.28942846779884,0.09855268877182077,98.47061611676438,7.8177481238754885,94.16446650888452,2.4495306644759864,100.0
8.77472013527053,0.5205429099228692,62.90667163505638,8.566729222258948,60.16896543593074,1.4981079962140296,100.0
7.350710438038858,3.999580426865947,82.8368332270646,4.960429809727438,52.32067728247972,1.4830531482897142,91.54540195864197
8.034809303848485,0.8927233102716681,66.25950321123474,6.76934484651874,70.75391226158797,7.585491643521755,100.0
2.820345725713065,3.2637305392593734,88.67365628433004,4.05598971896256,55.98206964063393,4.548443065732842,63.18969451490584
1.7743954377972282,1.1909139052336326,56.54368303591749,5.480073187129738,72.07519167601632,3.8658845027191284,67.42885012625351
7.506147516408584,0.4972069637967258,98.49105225392724,8.358770290678029,79.39101038506772,6.6761500670554295,100.0
8.06834739267264,1.2158609549972703,72.68947706918196,9.95085970809618,78.18835129444957,6.850781495373612,100.0
9.905051420006734,3.6113346592782958,61.8025231673232,4.595068597523295,56.218702091408495,3.3253372318092325,100.0
4.126176769114265,4.278482340531429,53.67483736650063,6.4089658951677295,41.6802141189127,5.8553264023165665,61.7204742622184
3.720180857927832,4.151099322834958,58.48789525437704,8.800425812194957,60.13705369235453,6.397859710963206,73.65220772000617
7.764129607419968,1.9859176480922742,75.98869742780089,5.224213807773393,39.981590085733615,5.582554808061682,83.20579192091913
3.4080354025301784,3.3404256828532306,66.85015882156432,7.330509695813717,92.30679246286658,2.0611655236006956,100.0
9.307573256035647,1.0249214770791049,91.44416829413046,8.39842777617805,54.21142225165002,7.131181584619399,100.0
8.584127518430119,1.4657386513050663,71.5443761830903,7.695912701561074,40.81218230563266,4.773661869152061,100.0
4.289940273750183,4.4816790926055985,62.435713629381496,5.128148407692497,31.781343193402563,2.977306984590026,65.86304332246328
7.508710677914974,0.06500961755368018,80.8572493302015,6.132307412114437,75.2075670400539,3.9765972980638575,100.0
7.545428740846823,0.4275426542723404,85.33886084427229,8.702750706912383,74.58316222183203,1.2629976327923518,100.0
1.031238688359326,1.0394312757301365,58.35209539504749,7.325359084792099,53.84229166069042,1.895067608556923,54.68118719032067
9.025529066795666,0.13266101936909858,58.380960814415886,4.031377681257476,35.01983221933557,6.358827253611026,75.63478513558522
5.052523724478571,0.9071771754489866,51.83357134667715,8.565944560168564,58.674022642666245,1.0000814432875629,100.0
8.264574661077416,2.915207804848461,86.82010075328202,4.211868129641434,51.78522465443755,3.9159607993760455,97.58632383497209
3.2004960103061175,2.1071227529624896,83.19022638109026,8.474402696387394,77.39844478145065,4.657571267599119,94.90381333002752
8.955232284962005,4.4633585553848745,73.7315437874907,5.214883360991425,72.40454746168832,1.382440940006806,100.0
3.892016787341631,4.087217808692205,92.20852244845986,9.74844088071628,55.5215609738278,7.81154714080633,83.04456033212136
0.1083765148029836,1.7090867584893799,90.28350764750266,6.207644507812507,45.25247879784931,2.5828773187477037,70.5909510371899
9.053819764192637,1.2971171671564625,79.2677182198376,5.961589698028474,99.16251763089143,3.129391037453966,100.0
0.9128667678613356,1.8984620408363346,93.41356402566294,4.893328301994668,61.780113483728044,3.127597585785191,61.1466392614523
3.1931363759041487,2.9514747125740386,60.292060501838414,5.8336252929412895,78.17919650461658,2.6129166348214494,78.51462232463042
9.50061967050805,1.3403182041143813,55.5959809698864,9.259904570969203,39.838707730485254,1.01031675460418,100.0
9.506071469375561,3.12074453924567,63.48748057584948,9.978006025763484,63.991278976157844,6.105413558615974,100.0
5.734378881232861,2.0470582609562022,52.854342804465745,6.20985718304109,31.927570390862584,7.767918498594997,53.742174495829275
6.318372121697992,2.7602359042599014,76.5584764000516,6.691663785727256,65.3818582537315,2.5700543829953153,100.0
4.4844552197831975,2.1806326456765834,96.83028461474808,8.332425629216422,97.48121849823916,5.641330342623957,100.0
2.9321077169806453,1.4723287977095882,51.967177033425486,9.317174682790448,56.89446990900602,6.193274288711006,60.192180757992865
3.2866454536991596,4.742266534810783,56.105495700501336,7.558266005120705,32.72972088024381,6.938977653633673,46.42883753209061
6.725184560770384,3.818028970798804,72.60995141417176,6.349154189066976,32.16690536435405,3.958404379095264,73.30594151789478
7.5237452943768,0.7005658788322627,96.69375087639524,6.4757310450917425,57.159073196280865,3.1205163394830047,100.0
7.915790437258485,4.342339879489564,65.80780524883752,8.173708878980841,41.20174555242358,3.277065938161218,97.53734541252514
7.896181427945539,2.437155991247568,75.36174043441963,4.019309581625672,31.634646742973015,5.98834933168959,81.01322899589522
0.9120610304869037,4.472761134470457,52.0786429525196,7.717536024759044,82.93495297651238,6.717456265539452,59.35453332616346
4.944203047025814,3.999276279736576,57.41716004810444,6.132958062648145,62.096610621732346,2.271297774296219,71.91261818895062
0.5755876001664428,2.126067522346167,99.33150614794235,8.765183987662505,50.24713403808582,3.5965870571043563,77.54055939515116
5.495288823237355,0.11234654160058699,98.25593482180227,4.557943838938793,93.00582281115365,7.31358137724405,100.0
4.41530501373377,1.3433867969247304,50.24699904672048,7.529213601690343,38.12972721403679,6.646854637863175,59.35449001830372
8.877041827582998,2.7081710733043347,97.59058927116195,6.885837339316742,96.91431802687235,7.894008819337331,100.0
3.5091501255207866,3.1673910991307364,81.95599689077503,7.853953155431364,51.977670216414694,6.279737817774565,77.64871021428692
1.1706701642760586,1.2894384271660115,93.39591472600111,4.38912156689781,92.18825706160769,3.752366407195456,87.157512595916
1.4299168205283586,0.6967803703641207,72.73699278169295,7.479902724568788,72.2060013535623,5.134464837962464,73.559156504914
7.615106317174723,4.174651183996495,75.77980142896251,7.368907527757142,87.86951518190412,5.6270997797312425,100.0
6.182180633162611,4.92201090351776,74.44232901284602,7.363960566497026,98.8809214247325,1.5491907142198675,100.0
1.0112267612279024,2.628450911513429,83.34321287730522,7.620925999578729,50.1883806473122,4.811478713727055,58.89522618591774
0.8410680611499743,0.8583964292415175,56.98256273781564,8.058807623358174,97.2794839785315,5.965245799308267,77.1322004422589
7.009691314591199,1.3615366325968448,51.4986794936339,8.829933998084618,57.263732643169426,2.171249128007423,97.49714278737451
0.7276300636419353,0.09195338273733367,65.39649707955954,5.6189243207692865,56.98583333158456,6.4644220219789,45.25548093926489
8.218600592903563,4.571494032802495,85.23403813683234,8.950296461080372,53.8270972978154,5.086409463598781,100.0
7.062422271564962,0.5887554144507057,60.09267260614742,6.989534093580722,67.89853251433097,7.665552499883162,98.72941074990382
0.8134878064189976,2.882582377571268,83.67162166624587,4.462349674805987,40.790153022494096,1.2969560874482418,66.59610874869334
0.8483771408519192,1.37027610343603,98.49560230536352,4.351305575463876,68.75980397506078,2.8572829628882688,73.09672137228802
9.866395785011754,2.770890012578967,54.69503578947092,6.005429912176365,67.91933686870027,5.2108771550987685,100.0
3.742707957561203,3.257101941759321,83.63010591125632,8.709381862668806,83.3331268823409,3.075919385441515,93.48437320793185
3.706421470668909,4.1487090185360085,72.18751096522855,8.246085608445494,88.35549733563099,6.000969148498696,95.39574980222093
8.127995672575025,1.032106358803016,93.40711271887527,8.731689788034439,60.83089452186968,6.313036977653517,100.0
9.472485773838587,0.05497914329240239,58.857489472369295,7.103614338649656,51.16332745460456,1.717611748465321,100.0
9.860010638228708,0.6844281503440364,84.63129761130823,6.641193987732944,48.153442812196616,4.596981249447374,100.0
7.533781852589416,4.500093209240525,91.90576448240552,4.884715160237704,43.623668569341035,4.562233889137391,95.16137665342539
3.762595855309158,4.369450387812576,97.23071097370116,5.9691565216558695,34.035330753931746,3.5849653915087876,72.79320537225087
0.8350071669866876,2.9870655108515414,84.16240141448229,6.604116197043251,53.97135851842994,7.530474037987704,41.37032202512627
7.771469159274368,3.002584302168267,74.85873820042136,4.531602578077703,48.917338449154826,6.792544239112549,82.8066701459266
5.58404249735805,3.3251833727312774,80.8923620100607,5.323671716267268,97.64921701064851,5.880465673367457,100.0
4.242220092469763,0.876856393117248,93.44524922393592,7.589351764382433,69.03961783750307,6.000286450144983,96.32599283291358
9.06354385094736,4.572059729624799,78.53048733194149,8.41397868543514,54.30939273213553,4.232013006691833,100.0
1.1119748230615134,2.0938526244603657,51.519352984841845,9.990085068357697,70.63273206955873,7.446961647676031,64.88137584501237
4.926251042908591,1.9156926412474873,96.54743477534889,9.598679988061345,39.74376909419868,5.862167990772997,79.17497608073478
0.11353644767419069,2.5945885264141877,84.47633755157806,7.85539119721115,61.08306244415421,6.102867431590715,57.23347689988647
4.6866064199412625,0.23482983387527523,83.82566928886233,6.527488319764432,73.83640249947447,7.031836326511417,93.87559500819025
0.5630327568183735,0.831416843780397,60.78375761988586,7.817064188249397,64.2228482254716,2.918501125395337,68.96163113218856
1.1881791626807192,3.6901680821318523,82.94427351163286,8.713909708481392,58.12451604580269,6.649496327066921,62.44081581051343
1.1752624677710488,0.41399333962563234,69.69322028270793,4.7100171455403235,99.56938722297888,2.3666842206954444,81.71131574997915
6.492103021160636,3.015760547331941,82.5616488520746,6.4594293381777295,91.62203335042489,3.417393665714215,100.0
7.460448792654233,1.2267455484066048,55.32965151539953,9.038813713813703,73.6384170711608,3.349273179888899,100.0
5.833687650971596,1.9464780702098827,82.89226523015179,6.302997711598264,69.8564152827598,7.849678278723984,90.23728640866375
9.621725484745419,1.4434686838534994,99.97068628853333,7.431233627363119,73.44623358772088,6.995760566235488,100.0
3.748705795237041,1.7783635823247457,52.4106019430278,7.5266161651731895,44.091847547570325,5.908189031131818,63.37712030613122
2.8571208628186073,3.5952295259212272,98.85870921106587,5.106857518801836,57.659642028502304,6.0893973313077305,69.3745337021003
8.685991281894603,1.4856085781158752,70.34539803614354,6.173412649913731,32.762167302362954,4.934509560817998,94.56248185021131
2.235958385194526,2.832023201484486,93.53767251686295,6.007067732451593,63.28822262407787,7.629634669759634,72.6834572780096
9.632225394406113,2.3802520109954983,89.11927420291367,4.157180251192389,68.01172087703642,4.473811270176531,100.0
0.12154474689816341,3.3183558268132405,78.3508130493334,4.145150583348132,45.94248152722467,3.6636239690892616,36.08644943047341
9.69878826707639,4.68414869662379,86.92246046256633,8.990182262054642,97.48201930158596,2.141247358521137,100.0
0.43159911950576113,3.6628604860512515,93.92577806506739,5.638424859836874,93.66182276560694,6.503439565827406,73.62557587900633
8.911431136980712,1.074701892953784,70.20701608255165,7.108472597432892,80.55002648191342,6.14110752452914,100.0
5.277011090862999,0.15591567530642336,66.35165807816193,5.792353441532638,67.33706401357537,3.6904852696689443,98.8357810064489
9.929647961193004,1.3113202214991255,83.37966927817924,9.644075470692043,90.89784117533794,1.1763538977146055,100.0
0.7379656473539886,2.9753896535012743,90.39229709706294,5.5557805531946425,39.1456640676424,6.872981294026075,53.91778561265531
5.538542844013207,0.25712906742125174,88.11425673883079,6.57794087643361,85.33568559924194,1.0799258841785155,100.0
9.69302535619099,2.481831236006182,89.89068244293173,9.236381502907612,38.73745697767938,5.925898457403356,100.0
5.230978441701488,2.984214244584446,71.77916574064665,9.051601400750851,85.59474637845838,7.7917997680824,89.692029141597
6.293986381352625,1.6712194540848042,90.89171080875107,5.116608507077664,49.30372977759499,4.063629297037425,86.54617857217121
6.957486889846171,3.8545610187291097,56.01045276853042,8.815859858774262,91.39634067127322,2.644813834971669,100.0
4.545410647677732,0.532991265668859,77.22445489804248,6.749121320427356,96.08294656777785,5.934097070303672,96.37393851429786
6.275580800840634,0.3756889086790438,50.28793302490608,6.8978132325121315,40.41571785835809,6.719896994109096,79.28722485378367
5.843143119231002,3.6409437810180165,66.22929149501351,4.800879834495663,62.387292354577546,4.825012212544931,82.25287304554263
9.01158010490989,2.4774565810309923,68.32307674356989,4.483609082542748,98.66911647138795,7.7692469267930235,100.0
0.4544638034145787,3.44201198213868,69.80863458046277,8.367635841842592,63.83852051812026,1.3616810516057276,65.43419469386355
2.809631895922303,2.174136693018731,84.7733603344931,6.978766914131798,90.44832657601816,4.533569188131697,83.03963871472533
9.504114840765588,1.232010166195534,69.42790506351729,6.621104215691077,71.21120654919238,6.02917763125785,100.0
8.902637838909163,4.095511588370998,72.43468113112652,8.377049371914381,56.27309355437213,7.038483298044253,96.44057481910961
4.55656752785713,3.997079394844896,61.87720654371637,8.593077393946658,50.00484888681092,2.25478928335453,71.21164793811947
6.201325978015367,3.473482354272134,68.662589581467,4.953449006016122,44.22561637602611,6.60002437234577,72.0825991859455
2.7738118298113266,1.3607256861498134,61.363481363157575,7.661350896865848,83.32587339643881,4.868949530029817,88.46506216648616
1.881211597237613,2.9511533343454355,53.659796188422185,4.812124493666113,57.05783547761195,3.7758757739297426,61.3327171248271
4.636984049399821,1.8048694847001339,80.17242966906889,8.508250516174275,65.78928235405257,1.922005200053655,100.0
3.533522280260528,0.45791036663317075,83.41063992775082,7.941730937602837,64.46278360008273,7.057070312362387,74.81784828701565
5.836561118508721,4.586567877311214,80.97451730048073,9.739687726500748,70.40953204631919,2.1009124572580076,100.0
0.7773463696498484,0.684093154594807,73.17470219002863,4.413748098138527,90.59040019371866,3.1685150144636944,84.9047927407304
9.743948076661665,4.751186769104012,68.98928900896149,4.342328326907526,98.65175405084005,3.030318723737058,100.0
9.86210744479603,2.230028864789779,93.16668247859127,5.693122448159201,58.53089460016719,7.09989823933598,100.0
